Nom du restaurant,Facebook,Instagram,WhatsApp,Telegram,Email,Téléphone
Restaurant El Bahdja,https://facebook.com/elbahdja.dz,https://instagram.com/elbahdja_dz,+213 5 50 12 34 56,https://t.me/elbahdja,contact@elbahdja.dz,+213 5 50 12 34 56
Restaurant Le Cèdre,https://facebook.com/restau.lecedre,https://instagram.com/lecedre_resto,+213 6 61 23 45 67,https://t.me/lecedre,lecedre@yahoo.dz,+213 6 61 23 45 67
La Trattoria D’Alger,https://facebook.com/trattoria.alger,https://instagram.com/trattoria_alger,+213 7 72 34 56 78,https://t.me/trattoria_dz,trattoria@gmail.com,+213 7 72 34 56 78
Grillade Saphir,https://facebook.com/grillade.saphir,https://instagram.com/saphir_grill,+213 5 51 45 67 89,https://t.me/saphirgrill,saphir@hotmail.dz,+213 5 51 45 67 89
Saveurs du Sud,https://facebook.com/saveursdusud.dz,https://instagram.com/saveurs_du_sud,+213 6 62 56 78 90,https://t.me/saveursdusud,info@saveursdusud.dz,+213 6 62 56 78 90
Dar D’Jaj,https://facebook.com/dardjaj,https://instagram.com/dar_djaj,+213 7 73 67 89 01,https://t.me/dardjaj,dardjaj@outlook.dz,+213 7 73 67 89 01
Le Gourmet Algérien,https://facebook.com/gourmet.dz,https://instagram.com/gourmet_algerien,+213 5 52 78 90 12,https://t.me/gourmetdz,gourmet@live.fr,+213 5 52 78 90 12
Pizza Etoile,https://facebook.com/pizza.etoile,https://instagram.com/pizza_etoile_dz,+213 6 63 89 01 23,https://t.me/pizzaetoile,pizza.etoile@yahoo.dz,+213 6 63 89 01 23
Couscous Royal,https://facebook.com/couscous.royal,https://instagram.com/couscousroyal_dz,+213 7 74 90 12 34,https://t.me/couscousroyal,couscousroyal@gmail.com,+213 7 74 90 12 34
Restaurant El Djenina,https://facebook.com/eldjenina.resto,https://instagram.com/eldjenina_dz,+213 5 53 01 23 45,https://t.me/eldjenina,djenina@hotmail.com,+213 5 53 01 23 45
Fast Food Le Wouroud,https://facebook.com/wouroud.fastfood,https://instagram.com/wouroud_dz,+213 6 64 12 34 56,https://t.me/wouroud,wouroud@gmail.com,+213 6 64 12 34 56
Les Délices d’Oran,https://facebook.com/delices.oran,https://instagram.com/delices_oranais,+213 7 75 23 45 67,https://t.me/delicesoran,delicesoran@yahoo.fr,+213 7 75 23 45 67
Restaurant Le Phare,https://facebook.com/lephare.resto,https://instagram.com/lephare_alger,+213 5 54 34 56 78,https://t.me/lephareresto,lephare@live.dz,+213 5 54 34 56 78
La Casa Mia,https://facebook.com/lacasamia.alger,https://instagram.com/casamia_dz,+213 6 65 45 67 89,https://t.me/casamia_dz,casamia@gmail.com,+213 6 65 45 67 89
Chez Mourad,https://facebook.com/chez.mourad.dz,https://instagram.com/chezmourad_,+213 7 76 56 78 90,https://t.me/chezmourad,contact@chezmourad.dz,+213 7 76 56 78 90
Sidi Fredj Saveurs,https://facebook.com/sidifredj.resto,https://instagram.com/sidifredj_saveurs,+213 5 55 67 89 01,https://t.me/sidifredj,sidifredj@yahoo.dz,+213 5 55 67 89 01
Pizza Capri,https://facebook.com/pizza.capri.dz,https://instagram.com/pizzacapri_dz,+213 6 66 78 90 12,https://t.me/pizzacapri,capri.pizza@hotmail.com,+213 6 66 78 90 12
Le Petit Pêcheur,https://facebook.com/petitpecheur.dz,https://instagram.com/petit_pecheur_dz,+213 7 77 89 01 23,https://t.me/petitpecheur,pecheur@gmail.com,+213 7 77 89 01 23
Restaurant El Andalouss,https://facebook.com/elandalouss.dz,https://instagram.com/el_andalouss_,+213 5 56 90 12 34,https://t.me/elandalouss,andalouss@live.fr,+213 5 56 90 12 34
Dar El Fellah,https://facebook.com/darelfellah,https://instagram.com/dar_elfellah,+213 6 67 01 23 45,https://t.me/darelfellah,fellah@outlook.dz,+213 6 67 01 23 45
La Pergola,https://facebook.com/lapergola.resto,https://instagram.com/lapergola_dz,+213 7 78 12 34 56,https://t.me/pergola_dz,pergola@gmail.com,+213 7 78 12 34 56
Tacos City,https://facebook.com/tacoscity.dz,https://instagram.com/tacoscity_dz,+213 5 57 23 45 67,https://t.me/tacoscity,tacoscity@hotmail.dz,+213 5 57 23 45 67
Gourmet Blida,https://facebook.com/gourmetblida,https://instagram.com/gourmet_blida,+213 6 68 34 56 78,https://t.me/gourmetblida,gourmet.blida@yahoo.dz,+213 6 68 34 56 78
L’Olivier,https://facebook.com/lolivier.resto,https://instagram.com/lolivier_dz,+213 7 79 45 67 89,https://t.me/lolivierdz,lolivier@gmail.com,+213 7 79 45 67 89
Chez Amine,https://facebook.com/chezamine.resto,https://instagram.com/chezamine_dz,+213 5 58 56 78 90,https://t.me/chezamine,amine.resto@live.dz,+213 5 58 56 78 90
Le Palais des Saveurs,https://facebook.com/palais.saveurs.dz,https://instagram.com/palais_saveurs,+213 6 69 67 89 01,https://t.me/palaissaveurs,palais.saveurs@gmail.com,+213 6 69 67 89 01
Timgad Food,https://facebook.com/timgad.food,https://instagram.com/timgad_food,+213 7 80 78 90 12,https://t.me/timgadfood,timgadfood@yahoo.fr,+213 7 80 78 90 12
Restaurant El Kout,https://facebook.com/elkout.dz,https://instagram.com/el_kout_resto,+213 5 59 89 01 23,https://t.me/elkout,elkout@hotmail.com,+213 5 59 89 01 23
La Belle Étoile,https://facebook.com/labelleetolie.dz,https://instagram.com/belle_etoile_dz,+213 6 70 90 12 34,https://t.me/belleetoile,belleetoile@outlook.dz,+213 6 70 90 12 34
Snack l’Univers,https://facebook.com/snacklunivers,https://instagram.com/snack_lunivers,+213 7 81 01 23 45,https://t.me/snacklunivers,snack.lunivers@gmail.com,+213 7 81 01 23 45
Le Roi du Méchoui,https://facebook.com/roidumechoui.dz,https://instagram.com/roi_du_mechoui,+213 5 60 12 34 56,https://t.me/roidumechoui,mechoui.royal@live.fr,+213 5 60 12 34 56
Délices de Constantine,https://facebook.com/delices.constantine,https://instagram.com/delices_constantine,+213 6 71 23 45 67,https://t.me/delicesconstantine,delices.constantine@gmail.com,+213 6 71 23 45 67
O’Resto,https://facebook.com/oresto.dz,https://instagram.com/o_resto_dz,+213 7 82 34 56 78,https://t.me/orestodz,contact@oresto.dz,+213 7 82 34 56 78
La Terrasse,https://facebook.com/la.terrasse.dz,https://instagram.com/la_terrasse_alger,+213 5 61 45 67 89,https://t.me/laterrasse,terrasse@yahoo.dz,+213 5 61 45 67 89
Chez Rabiâa,https://facebook.com/chezrabiaa,https://instagram.com/chezrabiaa_dz,+213 6 72 56 78 90,https://t.me/chezrabiaa,rabiaa@hotmail.dz,+213 6 72 56 78 90
Restaurant Annaba Plage,https://facebook.com/annabaplage.resto,https://instagram.com/annaba_plage,+213 7 83 67 89 01,https://t.me/annabaplage,annabaplage@gmail.com,+213 7 83 67 89 01
Le Médina,https://facebook.com/lemedina.resto,https://instagram.com/lemedina_dz,+213 5 62 78 90 12,https://t.me/lemedina,medina.resto@outlook.dz,+213 5 62 78 90 12
Pizza Roma DZ,https://facebook.com/pizzaromadz,https://instagram.com/pizzaroma_dz,+213 6 73 89 01 23,https://t.me/pizzaromadz,pizzaroma@live.fr,+213 6 73 89 01 23
Les Grillades d’Or,https://facebook.com/grillades.dor,https://instagram.com/grilladesdor_dz,+213 7 84 90 12 34,https://t.me/grilladesdor,grilladesdor@gmail.com,+213 7 84 90 12 34
El Djazair Food,https://facebook.com/eldjazair.food,https://instagram.com/djazair_food,+213 5 63 01 23 45,https://t.me/djazairfood,djazairfood@yahoo.fr,+213 5 63 01 23 45
La Rose des Sables,https://facebook.com/rose.des.sables.dz,https://instagram.com/rosedessables_dz,+213 6 74 12 34 56,https://t.me/rosedessables,rosesables@hotmail.dz,+213 6 74 12 34 56
Restaurant Tlemcen City,https://facebook.com/tlemcen.city.resto,https://instagram.com/tlemcen_city_resto,+213 7 85 23 45 67,https://t.me/tlemcenresto,tlemcen.resto@gmail.com,+213 7 85 23 45 67
Le Petit Gourmand,https://facebook.com/petitgourmand.dz,https://instagram.com/petit_gourmand_dz,+213 5 64 34 56 78,https://t.me/petitgourmand,gourmand.petit@live.dz,+213 5 64 34 56 78
Saveurs d’Antan,https://facebook.com/saveursdantan.dz,https://instagram.com/saveurs_dantan,+213 6 75 45 67 89,https://t.me/saveursdantan,dantan.saveurs@outlook.com,+213 6 75 45 67 89
Le Caïd,https://facebook.com/lecaid.resto,https://instagram.com/lecaid_dz,+213 7 86 56 78 90,https://t.me/lecaid,caid.resto@gmail.com,+213 7 86 56 78 90
Pizza Napoli DZ,https://facebook.com/napoli.dz.pizza,https://instagram.com/napoli_pizza_dz,+213 5 65 67 89 01,https://t.me/napoliddz,napoli@yahoo.dz,+213 5 65 67 89 01
Restaurant El Kheima,https://facebook.com/elkheima.dz,https://instagram.com/el_kheima_resto,+213 6 76 78 90 12,https://t.me/elkheima,elkheima@hotmail.com,+213 6 76 78 90 12
Le Jardin d’Eden,https://facebook.com/jardineden.resto,https://instagram.com/jardineden_dz,+213 7 87 89 01 23,https://t.me/jardineden,jardineden@gmail.com,+213 7 87 89 01 23
Chawarma Palace,https://facebook.com/chawarma.palace,https://instagram.com/chawarma_palace,+213 5 66 90 12 34,https://t.me/chawarmapalace,chawarma@live.fr,+213 5 66 90 12 34
Brik & Co,https://facebook.com/briketco.dz,https://instagram.com/briketco_dz,+213 6 77 01 23 45,https://t.me/briketco,brik.co@outlook.dz,+213 6 77 01 23 45
Les Délices du Port,https://facebook.com/delicesduport,https://instagram.com/delices_du_port,+213 7 88 12 34 56,https://t.me/delicesport,delicesport@yahoo.fr,+213 7 88 12 34 56
El Mersa Food,https://facebook.com/elmersa.food,https://instagram.com/elmersa_food,+213 5 67 23 45 67,https://t.me/elmersafood,mersa.food@gmail.com,+213 5 67 23 45 67
Le Sultan,https://facebook.com/lesultan.resto,https://instagram.com/le_sultan_dz,+213 6 78 34 56 78,https://t.me/lesultandz,sultan@hotmail.dz,+213 6 78 34 56 78
Cafétéria Le Mont,https://facebook.com/cafeterialemont,https://instagram.com/cafeteria_lemont,+213 7 89 45 67 89,https://t.me/cafeteriamont,cafet.mont@gmail.com,+213 7 89 45 67 89
Bab El Oued Food,https://facebook.com/babeloued.food,https://instagram.com/babeloued_food,+213 5 68 56 78 90,https://t.me/babelouedfood,babeloued@live.dz,+213 5 68 56 78 90
L’Authentique,https://facebook.com/lauthentique.dz,https://instagram.com/lauthentique_dz,+213 6 79 67 89 01,https://t.me/lauthentiquedz,authentique.resto@yahoo.dz,+213 6 79 67 89 01
Pizzeria Le Four,https://facebook.com/pizzeria.lefour,https://instagram.com/pizzeria_lefour,+213 7 90 78 90 12,https://t.me/lefourpizza,lefour.pizza@outlook.com,+213 7 90 78 90 12
Couscous Beni Mered,https://facebook.com/benimered.couscous,https://instagram.com/beni_mered_couscous,+213 5 69 89 01 23,https://t.me/benimered,benimered@hotmail.com,+213 5 69 89 01 23
La Marmite d’Oran,https://facebook.com/marmite.oran,https://instagram.com/marmite_oranaise,+213 6 80 90 12 34,https://t.me/marmiteoran,marmite.oran@gmail.com,+213 6 80 90 12 34
Restaurant El Fadjr,https://facebook.com/elfadjr.resto,https://instagram.com/el_fadjr_dz,+213 7 91 01 23 45,https://t.me/elfadjr,elfadjr@live.fr,+213 7 91 01 23 45
Chez Khaled,https://facebook.com/chezkhaled.dz,https://instagram.com/chezkhaled_dz,+213 5 70 12 34 56,https://t.me/chezkhaled,khaled.resto@yahoo.dz,+213 5 70 12 34 56
La Belle Vue,https://facebook.com/labellevue.resto,https://instagram.com/belle_vue_dz,+213 6 81 23 45 67,https://t.me/bellevuedz,belle.vue@gmail.com,+213 6 81 23 45 67
Djurdjura Food,https://facebook.com/djurdjura.food,https://instagram.com/djurdjura_food,+213 7 92 34 56 78,https://t.me/djurdjurafood,djurdjura@hotmail.dz,+213 7 92 34 56 78
Tajine Magique,https://facebook.com/tajinemagique,https://instagram.com/tajine_magique_dz,+213 5 71 45 67 89,https://t.me/tajinemagique,tajine.magique@outlook.dz,+213 5 71 45 67 89
La Grillade de Chlef,https://facebook.com/grillade.chlef,https://instagram.com/grillade_chlef,+213 6 82 56 78 90,https://t.me/grilladechlef,grillade.chlef@gmail.com,+213 6 82 56 78 90
Restaurant Timgad City,https://facebook.com/timgadcity.resto,https://instagram.com/timgadcity_resto,+213 7 93 67 89 01,https://t.me/timgadcity,timgad.city@live.dz,+213 7 93 67 89 01
L’Assiette du Terroir,https://facebook.com/assietteduterroir,https://instagram.com/assiette_du_terroir,+213 5 72 78 90 12,https://t.me/assietteduterroir,assiette.terroir@yahoo.fr,+213 5 72 78 90 12
Pizza Parma DZ,https://facebook.com/pizzaparmadz,https://instagram.com/pizza_parma_dz,+213 6 83 89 01 23,https://t.me/pizzaparma,parma.pizza@hotmail.com,+213 6 83 89 01 23
Babor Food,https://facebook.com/babor.food,https://instagram.com/babor_food,+213 7 94 90 12 34,https://t.me/baborfood,baborfood@outlook.com,+213 7 94 90 12 34
Restaurant El Kahina,https://facebook.com/elkahina.resto,https://instagram.com/elkahina_dz,+213 5 73 01 23 45,https://t.me/elkahina,kahina.resto@gmail.com,+213 5 73 01 23 45
Le Grill du Centre,https://facebook.com/grill.du.centre,https://instagram.com/grill_du_centre,+213 6 84 12 34 56,https://t.me/grillcentre,grill.centre@live.dz,+213 6 84 12 34 56
Sidi Bel Abbès Food,https://facebook.com/sidibelabbes.food,https://instagram.com/sba_food,+213 7 95 23 45 67,https://t.me/sbafood,sba.food@yahoo.dz,+213 7 95 23 45 67
La Taverna DZ,https://facebook.com/tavernadz.resto,https://instagram.com/taverna_dz,+213 5 74 34 56 78,https://t.me/tavernadz,taverna@hotmail.com,+213 5 74 34 56 78
Couscous Délice,https://facebook.com/couscousdelice.dz,https://instagram.com/couscous_delice,+213 6 85 45 67 89,https://t.me/couscousdelice,couscous.delice@gmail.com,+213 6 85 45 67 89
Restaurant El Djemila,https://facebook.com/eldjemila.resto,https://instagram.com/el_djemila_dz,+213 7 96 56 78 90,https://t.me/eldjemila,djemila@outlook.dz,+213 7 96 56 78 90
L’Escale Gourmande,https://facebook.com/escale.gourmande.dz,https://instagram.com/escale_gourmande,+213 5 75 67 89 01,https://t.me/escalegourmande,escale.gourmande@live.fr,+213 5 75 67 89 01
Pizza Darna,https://facebook.com/pizzadarna.dz,https://instagram.com/pizza_darna,+213 6 86 78 90 12,https://t.me/pizzadarna,darna.pizza@yahoo.fr,+213 6 86 78 90 12
Le Timgad Grill,https://facebook.com/timgadgrill,https://instagram.com/timgad_grill,+213 7 97 89 01 23,https://t.me/timgadgrill,timgadgrill@gmail.com,+213 7 97 89 01 23
Alimentation Générale Saveurs,https://facebook.com/alimentation.saveurs,https://instagram.com/alim_saveurs,+213 5 76 90 12 34,https://t.me/alimsaveurs,alim.saveurs@hotmail.dz,+213 5 76 90 12 34
Restaurant Le Récif,https://facebook.com/recif.resto,https://instagram.com/recif_dz,+213 6 87 01 23 45,https://t.me/recifdz,recif.resto@outlook.com,+213 6 87 01 23 45
Bladi Food,https://facebook.com/bladi.food.dz,https://instagram.com/bladi_food,+213 7 98 12 34 56,https://t.me/bladifood,bladi.food@live.dz,+213 7 98 12 34 56
Les Olivers de Kabylie,https://facebook.com/oliviers.kabylie,https://instagram.com/oliviers_kabylie,+213 5 77 23 45 67,https://t.me/olivierskabylie,oliviers.kabylie@gmail.com,+213 5 77 23 45 67
Pizza Djurdjura,https://facebook.com/pizzadjurdjura,https://instagram.com/pizza_djurdjura,+213 6 88 34 56 78,https://t.me/pizzadjurdjura,djurdjura.pizza@yahoo.dz,+213 6 88 34 56 78
Restaurant El Moudjahid,https://facebook.com/elmoudjahid.resto,https://instagram.com/el_moudjahid_dz,+213 7 99 45 67 89,https://t.me/elmoudjahid,moudjahid@hotmail.com,+213 7 99 45 67 89
Les Saveurs d’Alger,https://facebook.com/saveurs.dalger,https://instagram.com/saveurs_alger,+213 5 78 56 78 90,https://t.me/saveursalger,saveurs.alger@outlook.dz,+213 5 78 56 78 90
Le Timgad Snack,https://facebook.com/timgadsnack,https://instagram.com/timgad_snack,+213 6 89 67 89 01,https://t.me/timgadsnack,timgad.snack@live.fr,+213 6 89 67 89 01
Couscous El Djazaïr,https://facebook.com/couscouseldjazair,https://instagram.com/couscous_djazair,+213 7 70 78 90 12,https://t.me/couscousdjazair,couscous.djazair@gmail.com,+213 7 70 78 90 12
Restaurant le 5 Juillet,https://facebook.com/5juillet.resto,https://instagram.com/5juillet_resto,+213 5 79 89 01 23,https://t.me/5juillet,5juillet@yahoo.com,+213 5 79 89 01 23
Grillade du Port d’Alger,https://facebook.com/grillade.port.alger,https://instagram.com/grillade_port_alger,+213 6 90 90 12 34,https://t.me/grilladeport,port.alger@hotmail.dz,+213 6 90 90 12 34
Restaurant Les Arcades,https://facebook.com/arcades.resto,https://instagram.com/arcades_dz,+213 7 71 01 23 45,https://t.me/arcadesdz,arcades@gmail.com,+213 7 71 01 23 45
La Coupole,https://facebook.com/lacoupole.resto,https://instagram.com/lacoupole_dz,+213 5 80 12 34 56,https://t.me/lacoupoledz,coupole@outlook.dz,+213 5 80 12 34 56
Pizza Mira,https://facebook.com/pizzamira.dz,https://instagram.com/pizza_mira_dz,+213 6 91 23 45 67,https://t.me/pizzamira,mira.pizza@live.fr,+213 6 91 23 45 67
Le Riad El Djazair,https://facebook.com/riad.djazair.resto,https://instagram.com/riad_djazair,+213 7 72 34 56 78,https://t.me/riaddjazair,riad.djazair@yahoo.dz,+213 7 72 34 56 78
Couscous Bouzid,https://facebook.com/couscous.bouzid,https://instagram.com/couscous_bouzid,+213 5 81 45 67 89,https://t.me/couscousbouzid,bouzid.couscous@gmail.com,+213 5 81 45 67 89
Restaurant El Hamma,https://facebook.com/elhamma.resto,https://instagram.com/elhamma_dz,+213 6 92 56 78 90,https://t.me/elhammadz,hamma.resto@hotmail.com,+213 6 92 56 78 90
La Piazza,https://facebook.com/lapiazza.alger,https://instagram.com/la_piazza_dz,+213 7 73 67 89 01,https://t.me/lapiazzadz,piazza@outlook.com,+213 7 73 67 89 01
Délices du Casbah,https://facebook.com/delices.casbah,https://instagram.com/delices_casbah,+213 5 82 78 90 12,https://t.me/delicescasbah,casbah.delices@live.dz,+213 5 82 78 90 12
Le Régal Kabyle,https://facebook.com/regal.kabyle,https://instagram.com/regal_kabyle_dz,+213 6 93 89 01 23,https://t.me/regalkabyle,regal.kabyle@gmail.com,+213 6 93 89 01 23
Restaurant Sidi M’Cid,https://facebook.com/sidimcid.resto,https://instagram.com/sidi_mcid_constantine,+213 7 74 90 12 34,https://t.me/sidimcid,sidimcid@yahoo.fr,+213 7 74 90 12 34
La Perle du Djurdjura,https://facebook.com/perle.djurdjura.resto,https://instagram.com/perle_djurdjura,+213 5 83 01 23 45,https://t.me/perledjurdjura,perle.djurdjura@outlook.com,+213 5 83 01 23 45