Nom de l'entreprise,Facebook,Instagram,WhatsApp,Telegram,Email,Téléphone
SOTRAGAL,https://facebook.com/sotragal.dz,https://instagram.com/sotragal_dz,+213 6 50 12 34 56,https://t.me/sotragal,contact@sotragal.dz,+213 6 50 12 34 56
SARL El Wifak,https://facebook.com/elwifak.industries,https://instagram.com/elwifak_dz,+213 7 61 23 45 67,https://t.me/elwifak,elwifak@yahoo.dz,+213 7 61 23 45 67
SONARIC,https://facebook.com/sonaric.dz,https://instagram.com/sonaric_officiel,+213 5 72 34 56 78,https://t.me/sonaric,info@sonaric.dz,+213 5 72 34 56 78
Groupe Hasnaoui,https://facebook.com/groupe.hasnaoui,https://instagram.com/groupe_hasnaoui,+213 6 83 45 67 89,https://t.me/hasnaoui,hasnaoui@industrie.dz,+213 6 83 45 67 89
Manufacture Algérienne,https://facebook.com/manuf.alg.dz,https://instagram.com/manuf_alg,+213 7 94 56 78 90,https://t.me/manufalg,manuf.alg@gmail.com,+213 7 94 56 78 90
SARL Amimer,https://facebook.com/amimer.industrie,https://instagram.com/amimer_dz,+213 5 50 67 89 01,https://t.me/amimer,amimer@hotmail.com,+213 5 50 67 89 01
SIM (Ste Indust Metaux),https://facebook.com/sim.industries,https://instagram.com/sim_metaux,+213 6 61 78 90 12,https://t.me/simdz,sim.metaux@yahoo.dz,+213 6 61 78 90 12
ENIEM,https://facebook.com/eniem.dz,https://instagram.com/eniem_officiel,+213 7 72 89 01 23,https://t.me/eniem,eniem@live.dz,+213 7 72 89 01 23
Plastique El Djazair,https://facebook.com/plastique.djazair,https://instagram.com/plastique_dz,+213 5 51 90 12 34,https://t.me/plastiquedz,plastique@outlook.dz,+213 5 51 90 12 34
Industrie Papier Algérie,https://facebook.com/papier.alg,https://instagram.com/papier_algerie,+213 6 62 01 23 45,https://t.me/papieralg,papier.alg@hotmail.dz,+213 6 62 01 23 45
SARL Benseba,https://facebook.com/benseba.industries,https://instagram.com/benseba_dz,+213 7 73 12 34 56,https://t.me/benseba,benseba@yahoo.fr,+213 7 73 12 34 56
Acier Américain DZ,https://facebook.com/acieramericain.dz,https://instagram.com/acier_americain,+213 5 52 23 45 67,https://t.me/acieramericain,acier.americain@gmail.com,+213 5 52 23 45 67
Toufoula Plast,https://facebook.com/toufoula.plast,https://instagram.com/toufoula_dz,+213 6 63 34 56 78,https://t.me/toufoula,toufoula@live.fr,+213 6 63 34 56 78
SARL El Adjimi,https://facebook.com/eladjimi.industrie,https://instagram.com/eladjimi_dz,+213 7 74 45 67 89,https://t.me/eladjimi,adjimi@hotmail.com,+213 7 74 45 67 89
Cosider,https://facebook.com/cosider.dz,https://instagram.com/cosider_officiel,+213 5 53 56 78 90,https://t.me/cosider,cosider@outlook.dz,+213 5 53 56 78 90
Engen Algérie,https://facebook.com/engen.algerie,https://instagram.com/engen_dz,+213 6 64 67 89 01,https://t.me/engenalgerie,engen@yahoo.dz,+213 6 64 67 89 01
ETRHB,https://facebook.com/etrhb.dz,https://instagram.com/etrhb_dz,+213 7 75 78 90 12,https://t.me/etrhb,etrhb@gmail.com,+213 7 75 78 90 12
Sarl Batimetal,https://facebook.com/batimetal.dz,https://instagram.com/batimetal_officiel,+213 5 54 89 01 23,https://t.me/batimetal,batimetal@live.dz,+213 5 54 89 01 23
Algérie Pétrochimie,https://facebook.com/algeriepetro,https://instagram.com/petrochimie_dz,+213 6 65 90 12 34,https://t.me/algeriepetro,petro@hotmail.com,+213 6 65 90 12 34
Wood Industry DZ,https://facebook.com/woodindustrydz,https://instagram.com/wood_dz,+213 7 76 01 23 45,https://t.me/woodindustry,wood.dz@outlook.dz,+213 7 76 01 23 45
SARL Metidji,https://facebook.com/metidji.industrie,https://instagram.com/metidji_dz,+213 5 55 12 34 56,https://t.me/metidji,metidji@yahoo.fr,+213 5 55 12 34 56
AGROMED,https://facebook.com/agromed.dz,https://instagram.com/agromed_algerie,+213 6 66 23 45 67,https://t.me/agromed,agromed@gmail.com,+213 6 66 23 45 67
SNAX,https://facebook.com/snax.dz,https://instagram.com/snax_algerie,+213 7 77 34 56 78,https://t.me/snaxdz,snax@live.fr,+213 7 77 34 56 78
Complexe Sider,https://facebook.com/complexe.sider,https://instagram.com/sider_dz,+213 5 56 45 67 89,https://t.me/complexesider,sider@hotmail.dz,+213 5 56 45 67 89
Coloma,https://facebook.com/coloma.dz,https://instagram.com/coloma_officiel,+213 6 67 56 78 90,https://t.me/colomadz,coloma@yahoo.dz,+213 6 67 56 78 90
SARL Atoui,https://facebook.com/atoui.industries,https://instagram.com/atoui_dz,+213 7 78 67 89 01,https://t.me/atoui,atoui@outlook.com,+213 7 78 67 89 01
Textile El Wafa,https://facebook.com/textile.elwafa,https://instagram.com/textile_elwafa,+213 5 57 78 90 12,https://t.me/elwafatex,elwafa.textile@gmail.com,+213 5 57 78 90 12
Fondal,https://facebook.com/fondal.dz,https://instagram.com/fondal_dz,+213 6 68 89 01 23,https://t.me/fondaldz,fondal@live.dz,+213 6 68 89 01 23
Orascom Construction DZ,https://facebook.com/orascom.dz,https://instagram.com/orascom_dz,+213 7 79 90 12 34,https://t.me/orascomdz,orascom@hotmail.com,+213 7 79 90 12 34
Sarl Alkama,https://facebook.com/alkama.industrie,https://instagram.com/alkama_dz,+213 5 58 01 23 45,https://t.me/alkamadz,alkama@yahoo.fr,+213 5 58 01 23 45
Afric Plast,https://facebook.com/africplast.dz,https://instagram.com/africplast_dz,+213 6 69 12 34 56,https://t.me/africplast,africplast@outlook.dz,+213 6 69 12 34 56
SARL Tahanout,https://facebook.com/tahanout.industries,https://instagram.com/tahanout_dz,+213 7 80 23 45 67,https://t.me/tahanout,tahanout@gmail.com,+213 7 80 23 45 67
EMAC,https://facebook.com/emac.dz,https://instagram.com/emac_dz,+213 5 59 34 56 78,https://t.me/emacdz,emac@live.fr,+213 5 59 34 56 78
Cosider Canalisations,https://facebook.com/cosider.canalisations,https://instagram.com/cosider_can,+213 6 70 45 67 89,https://t.me/cosidercanal,canalisation@yahoo.dz,+213 6 70 45 67 89
SETIF Plast,https://facebook.com/setifplast.dz,https://instagram.com/setif_plast,+213 7 81 56 78 90,https://t.me/setifplast,setif.plast@hotmail.com,+213 7 81 56 78 90
Moulin d’Oran,https://facebook.com/moulin.oran.dz,https://instagram.com/moulin_oran,+213 5 60 67 89 01,https://t.me/moulinoran,moulin.oran@outlook.com,+213 5 60 67 89 01
Société Céramique Algérie,https://facebook.com/ceramique.algerie,https://instagram.com/ceramique_dz,+213 6 71 78 90 12,https://t.me/ceramiquealgerie,ceramique@live.dz,+213 6 71 78 90 12
Sarl Azzouzi,https://facebook.com/azzouzi.industrie,https://instagram.com/azzouzi_dz,+213 7 82 89 01 23,https://t.me/azzouzidz,azzouzi@yahoo.fr,+213 7 82 89 01 23
Algérie Ciment,https://facebook.com/algerie.ciment,https://instagram.com/ciment_algerie,+213 5 61 90 12 34,https://t.me/algerieciment,ciment.dz@gmail.com,+213 5 61 90 12 34
SARL Ferrovial,https://facebook.com/ferrovial.dz,https://instagram.com/ferrovial_dz,+213 6 72 01 23 45,https://t.me/ferrovial,ferrovial@hotmail.com,+213 6 72 01 23 45
Tubes Algérie,https://facebook.com/tubesalgerie.dz,https://instagram.com/tubes_algerie,+213 7 83 12 34 56,https://t.me/tubesalgerie,tubes@outlook.dz,+213 7 83 12 34 56
GCB,https://facebook.com/gcb.dz,https://instagram.com/gcb_dz,+213 5 62 23 45 67,https://t.me/gcbdz,gcb@live.fr,+213 5 62 23 45 67
Sarl El Bina,https://facebook.com/elbina.industrie,https://instagram.com/elbina_dz,+213 6 73 34 56 78,https://t.me/elbina,elbina@yahoo.dz,+213 6 73 34 56 78
ISER,https://facebook.com/iser.dz,https://instagram.com/iser_algerie,+213 7 84 45 67 89,https://t.me/iseralgerie,iser@hotmail.com,+213 7 84 45 67 89
Spa Hydra,https://facebook.com/spahydra.dz,https://instagram.com/spa_hydra_dz,+213 5 63 56 78 90,https://t.me/spahydra,hydra.spa@gmail.com,+213 5 63 56 78 90
PEB Algérie,https://facebook.com/pebalgerie,https://instagram.com/peb_dz,+213 6 74 67 89 01,https://t.me/pebalgerie,peb@outlook.dz,+213 6 74 67 89 01
SARL General Emballage,https://facebook.com/generalemballage.dz,https://instagram.com/general_emballage,+213 7 85 78 90 12,https://t.me/generalemballage,emballage@live.dz,+213 7 85 78 90 12
Moulins de la Soummam,https://facebook.com/moulins.soummam,https://instagram.com/moulins_soummam,+213 5 64 89 01 23,https://t.me/moulinssoummam,soummam.moulin@yahoo.fr,+213 5 64 89 01 23
ABC Peinture,https://facebook.com/abc.peinture.dz,https://instagram.com/abc_peinture,+213 6 75 90 12 34,https://t.me/abcpeinture,abc.peinture@hotmail.com,+213 6 75 90 12 34
Sarl Sider El Hadjar,https://facebook.com/sider.elhadjar,https://instagram.com/sider_hadjar,+213 7 86 01 23 45,https://t.me/siderhadjar,hadjar.sider@outlook.dz,+213 7 86 01 23 45
MAG (Mécanique Aviation),https://facebook.com/mag.aviation.dz,https://instagram.com/mag_aviation,+213 5 65 12 34 56,https://t.me/magaviation,mag@live.dz,+213 5 65 12 34 56
Sarl Afak,https://facebook.com/afak.industries,https://instagram.com/afak_dz,+213 6 76 23 45 67,https://t.me/afakdz,afak@yahoo.dz,+213 6 76 23 45 67
B.A.T,https://facebook.com/bat.industrie.dz,https://instagram.com/bat_dz,+213 7 87 34 56 78,https://t.me/batdz,bat.industrie@gmail.com,+213 7 87 34 56 78
Rouiba Bouteilles,https://facebook.com/rouiba.bouteilles,https://instagram.com/rouiba_bouteilles,+213 5 66 45 67 89,https://t.me/rouibabouteilles,rouiba.b@hotmail.com,+213 5 66 45 67 89
Sarl Sematec,https://facebook.com/sematec.dz,https://instagram.com/sematec_dz,+213 6 77 56 78 90,https://t.me/sematecdz,sematec@outlook.dz,+213 6 77 56 78 90
Groupe SM,https://facebook.com/groupe.sm.dz,https://instagram.com/groupe_sm_dz,+213 7 88 67 89 01,https://t.me/groupesm,groupe.sm@live.fr,+213 7 88 67 89 01
Sarl NCA,https://facebook.com/nca.dz,https://instagram.com/nca_dz,+213 5 67 78 90 12,https://t.me/ncadz,nca@yahoo.fr,+213 5 67 78 90 12
Algérie Joints,https://facebook.com/algerie.joints,https://instagram.com/joints_dz,+213 6 78 89 01 23,https://t.me/algeriejoints,joints@hotmail.com,+213 6 78 89 01 23
Sarl El Moustakbel,https://facebook.com/elmoustakbel.industrie,https://instagram.com/elmoustakbel_dz,+213 7 89 90 12 34,https://t.me/elmoustakbel,moustakbel@outlook.dz,+213 7 89 90 12 34
SNC Lavalin DZ,https://facebook.com/snclavalin.dz,https://instagram.com/snclavalin_dz,+213 5 68 01 23 45,https://t.me/snclavalindz,snc@live.dz,+213 5 68 01 23 45
Boucherie Industrielle DZ,https://facebook.com/boucherie.industrielle,https://instagram.com/boucherie_ind_dz,+213 6 79 12 34 56,https://t.me/boucherieind,boucherie.ind@gmail.com,+213 6 79 12 34 56
Sarl Khaznadar,https://facebook.com/khaznadar.industries,https://instagram.com/khaznadar_dz,+213 7 90 23 45 67,https://t.me/khaznadar,khaznadar@yahoo.dz,+213 7 90 23 45 67
Spa Altro,https://facebook.com/spa.altro.dz,https://instagram.com/spa_altro,+213 5 69 34 56 78,https://t.me/spaaltro,altro@hotmail.com,+213 5 69 34 56 78
Sarl Batiprod,https://facebook.com/batiprod.dz,https://instagram.com/batiprod_dz,+213 6 80 45 67 89,https://t.me/batiprod,batiprod@outlook.dz,+213 6 80 45 67 89
Industrie du Bois d’Oran,https://facebook.com/bois.oran.industrie,https://instagram.com/bois_oran,+213 7 91 56 78 90,https://t.me/boisoran,bois.oran@live.fr,+213 7 91 56 78 90
Sarl El Mizane,https://facebook.com/elmizane.industrie,https://instagram.com/elmizane_dz,+213 5 70 67 89 01,https://t.me/elmizane,mizane@yahoo.fr,+213 5 70 67 89 01
SKB,https://facebook.com/skb.dz,https://instagram.com/skb_officiel,+213 6 81 78 90 12,https://t.me/skbofficiel,skb@hotmail.com,+213 6 81 78 90 12
Sarl Boudissa,https://facebook.com/boudissa.industries,https://instagram.com/boudissa_dz,+213 7 92 89 01 23,https://t.me/boudissa,boudissa@outlook.dz,+213 7 92 89 01 23
Sarl El Kheir,https://facebook.com/elkheir.industrie,https://instagram.com/elkheir_dz,+213 5 71 90 12 34,https://t.me/elkheir,elkheir@live.dz,+213 5 71 90 12 34
Sarl Gueddouda,https://facebook.com/gueddouda.dz,https://instagram.com/gueddouda_dz,+213 6 82 01 23 45,https://t.me/gueddouda,gueddouda@yahoo.dz,+213 6 82 01 23 45
Algérie Asphalte,https://facebook.com/asphalte.algerie,https://instagram.com/asphalte_dz,+213 7 93 12 34 56,https://t.me/asphaltedz,asphalte@hotmail.com,+213 7 93 12 34 56
Sarl Belabbes,https://facebook.com/belabbes.industrie,https://instagram.com/belabbes_dz,+213 5 72 23 45 67,https://t.me/belabbes,belabbes@outlook.dz,+213 5 72 23 45 67
Sarl Froid Commercial,https://facebook.com/froidcommercial.dz,https://instagram.com/froid_commercial,+213 6 83 34 56 78,https://t.me/froidcom,froid.commercial@gmail.com,+213 6 83 34 56 78
Sarl Eshmoun,https://facebook.com/eshmoun.industries,https://instagram.com/eshmoun_dz,+213 7 94 45 67 89,https://t.me/eshmoun,eshmoun@live.fr,+213 7 94 45 67 89
Les Moulins de la Mitidja,https://facebook.com/moulins.mitidja,https://instagram.com/moulins_mitidja,+213 5 73 56 78 90,https://t.me/moulinsmitidja,mitidja.moulin@yahoo.fr,+213 5 73 56 78 90
Sarl Haddad,https://facebook.com/haddad.industries,https://instagram.com/haddad_dz,+213 6 84 67 89 01,https://t.me/haddaddz,haddad@hotmail.com,+213 6 84 67 89 01
Sarl Timgad Plast,https://facebook.com/timgadplast,https://instagram.com/timgad_plast,+213 7 95 78 90 12,https://t.me/timgadplast,timgad.plast@outlook.dz,+213 7 95 78 90 12
Sarl Zergoun,https://facebook.com/zergoun.industrie,https://instagram.com/zergoun_dz,+213 5 74 89 01 23,https://t.me/zergoun,zergoun@live.dz,+213 5 74 89 01 23
Sarl Paprec DZ,https://facebook.com/paprec.dz,https://instagram.com/paprec_dz,+213 6 85 90 12 34,https://t.me/paprecdz,paprec@yahoo.dz,+213 6 85 90 12 34
Sarl Grarem,https://facebook.com/grarem.industrie,https://instagram.com/grarem_dz,+213 7 96 01 23 45,https://t.me/grarem,grarem@hotmail.com,+213 7 96 01 23 45
Sarl Souakri,https://facebook.com/souakri.industries,https://instagram.com/souakri_dz,+213 5 75 12 34 56,https://t.me/souakri,souakri@outlook.dz,+213 5 75 12 34 56
Sarl Verre et Miroir,https://facebook.com/verremiroir.dz,https://instagram.com/verre_miroir_dz,+213 6 86 23 45 67,https://t.me/verremiroir,verre.miroir@live.fr,+213 6 86 23 45 67
Sarl Marbre Art,https://facebook.com/marbre.art.dz,https://instagram.com/marbre_art_dz,+213 7 97 34 56 78,https://t.me/marbreart,marbre.art@yahoo.fr,+213 7 97 34 56 78
Sarl El Hidhab,https://facebook.com/elhidhab.industrie,https://instagram.com/elhidhab_dz,+213 5 76 45 67 89,https://t.me/elhidhab,hidhab@hotmail.com,+213 5 76 45 67 89
Sarl Isorex,https://facebook.com/isorex.dz,https://instagram.com/isorex_dz,+213 6 87 56 78 90,https://t.me/isorexdz,isorex@outlook.dz,+213 6 87 56 78 90
Sarl Sahraoui,https://facebook.com/sahraoui.industrie,https://instagram.com/sahraoui_dz,+213 7 98 67 89 01,https://t.me/sahraoui,sahraoui@live.dz,+213 7 98 67 89 01
Sarl Berbère,https://facebook.com/berbere.industrie,https://instagram.com/berbere_dz,+213 5 77 78 90 12,https://t.me/berbere,berbere@yahoo.dz,+213 5 77 78 90 12
Sarl Sarlino,https://facebook.com/sarlino.dz,https://instagram.com/sarlino_dz,+213 6 88 89 01 23,https://t.me/sarlino,sarlino@hotmail.com,+213 6 88 89 01 23
Sarl Helios,https://facebook.com/helios.industrie,https://instagram.com/helios_dz,+213 7 99 90 12 34,https://t.me/heliosindustrie,helios@outlook.dz,+213 7 99 90 12 34
Sarl Gaïa,https://facebook.com/gaia.industrie.dz,https://instagram.com/gaia_dz,+213 5 78 01 23 45,https://t.me/gaiadz,gaia@live.fr,+213 5 78 01 23 45
Sarl MDF,https://facebook.com/mdf.dz.industrie,https://instagram.com/mdf_dz,+213 6 89 12 34 56,https://t.me/mdfindustrie,mdf@yahoo.com,+213 6 89 12 34 56
Sarl Génération,https://facebook.com/generation.industrie,https://instagram.com/generation_dz,+213 7 00 23 45 67,https://t.me/generationdz,generation@hotmail.dz,+213 7 00 23 45 67
Sarl Socodam,https://facebook.com/socodam.dz,https://instagram.com/socodam_dz,+213 5 79 34 56 78,https://t.me/socodam,socodam@outlook.dz,+213 5 79 34 56 78
Sarl Sofrac,https://facebook.com/sofrac.dz,https://instagram.com/sofrac_dz,+213 6 90 45 67 89,https://t.me/sofracdz,sofrac@live.dz,+213 6 90 45 67 89
Sarl Techni-Plast,https://facebook.com/techniplast.dz,https://instagram.com/techniplast_dz,+213 7 01 56 78 90,https://t.me/techniplast,techniplast@yahoo.fr,+213 7 01 56 78 90
Sarl SPIE,https://facebook.com/spie.dz,https://instagram.com/spie_dz,+213 5 80 67 89 01,https://t.me/spiedz,spie@hotmail.com,+213 5 80 67 89 01
Sarl El Amel,https://facebook.com/elamel.industrie,https://instagram.com/elamel_dz,+213 6 91 78 90 12,https://t.me/elamel,amel.industrie@outlook.dz,+213 6 91 78 90 12
Sarl Wifak Plast,https://facebook.com/wifak.plast.dz,https://instagram.com/wifak_plast,+213 7 02 89 01 23,https://t.me/wifakplast,wifak@live.fr,+213 7 02 89 01 23
Sarl Cosmeplast,https://facebook.com/cosmeplast.dz,https://instagram.com/cosmeplast_dz,+213 5 81 90 12 34,https://t.me/cosmeplast,cosmeplast@yahoo.dz,+213 5 81 90 12 34
Sarl Metaflex,https://facebook.com/metaflex.dz,https://instagram.com/metaflex_dz,+213 6 92 01 23 45,https://t.me/metaflex,metaflex@hotmail.com,+213 6 92 01 23 45