Nom de la boutique	Facebook	Instagram	WhatsApp	Telegram	Email	Téléphone
Boutique El Yasmine	https://facebook.com/elyasmine.boutique	https://instagram.com/el_yasmine_dz	+213 5 50 12 34 56	https://t.me/elyasmine	yasmine.boutique@gmail.com	+213 5 50 12 34 56
Boutique Le Kiosque	https://facebook.com/lekiosque.dz	https://instagram.com/le_kiosque_dz	+213 6 61 23 45 67	https://t.me/lekiosque	kiosque@yahoo.dz	+213 6 61 23 45 67
Mode Street DZ	https://facebook.com/modestreet.dz	https://instagram.com/mode_street_dz	+213 7 72 34 56 78	https://t.me/modestreet	mode.street@hotmail.com	+213 7 72 34 56 78
Boutique Warda	https://facebook.com/warda.boutique	https://instagram.com/warda_dz	+213 5 51 45 67 89	https://t.me/wardaboutique	warda@outlook.dz	+213 5 51 45 67 89
Soieries d’Alger	https://facebook.com/soieries.alger	https://instagram.com/soieries_alger	+213 6 62 56 78 90	https://t.me/soieriesalger	soieries@live.fr	+213 6 62 56 78 90
Miss Boutique	https://facebook.com/miss.boutique.dz	https://instagram.com/miss_boutique_dz	+213 7 73 67 89 01	https://t.me/missboutique	miss.boutique@gmail.com	+213 7 73 67 89 01
La Perle Rare	https://facebook.com/perlerare.boutique	https://instagram.com/la_perle_rare_dz	+213 5 52 78 90 12	https://t.me/perleraredz	perle.rare@yahoo.fr	+213 5 52 78 90 12
Bijouterie El Firdaous	https://facebook.com/elfirdaous.bijou	https://instagram.com/elfirdaous_dz	+213 6 63 89 01 23	https://t.me/elfirdaous	firdaous.bijou@hotmail.com	+213 6 63 89 01 23
Dar Ameena	https://facebook.com/darameena.boutique	https://instagram.com/dar_ameena	+213 7 74 90 12 34	https://t.me/darameena	ameena.boutique@outlook.dz	+213 7 74 90 12 34
Couture El Bahia	https://facebook.com/couture.elbahia	https://instagram.com/elbahia_couture	+213 5 53 01 23 45	https://t.me/elbahiacouture	bahia.couture@live.dz	+213 5 53 01 23 45
Boutique Amira	https://facebook.com/amira.boutique.dz	https://instagram.com/amira_boutique	+213 6 64 12 34 56	https://t.me/amiraboutique	amira@yahoo.dz	+213 6 64 12 34 56
Le Coin des Affaires	https://facebook.com/coin.des.affaires	https://instagram.com/coin_affaires_dz	+213 7 75 23 45 67	https://t.me/coinaffaires	coinaffaires@gmail.com	+213 7 75 23 45 67
Boutique Soleyil	https://facebook.com/soleyil.boutique	https://instagram.com/soleyil_dz	+213 5 54 34 56 78	https://t.me/soleyil	soleyil@hotmail.com	+213 5 54 34 56 78
Les Fantaisies de Lina	https://facebook.com/fantaisies.lina	https://instagram.com/fantaisies_lina	+213 6 65 45 67 89	https://t.me/fantaisieslina	lina.fantaisies@outlook.dz	+213 6 65 45 67 89
Boutique du Centre	https://facebook.com/boutique.centre.dz	https://instagram.com/boutique_centre	+213 7 76 56 78 90	https://t.me/boutiquecentre	centre.boutique@live.fr	+213 7 76 56 78 90
Alimentation Générale DZ	https://facebook.com/alimentation.dz	https://instagram.com/alimentation_generale	+213 5 55 67 89 01	https://t.me/alimentationdz	alimentation@yahoo.fr	+213 5 55 67 89 01
Vêtements Sport DZ	https://facebook.com/vetements.sport.dz	https://instagram.com/vetements_sport	+213 6 66 78 90 12	https://t.me/vetementsport	vetements.sport@hotmail.com	+213 6 66 78 90 12
Boutique Sabrina	https://facebook.com/sabrina.boutique.dz	https://instagram.com/sabrina_boutique	+213 7 77 89 01 23	https://t.me/sabrinaboutique	sabrina@outlook.dz	+213 7 77 89 01 23
Parfumerie Rayan	https://facebook.com/parfumerie.rayan	https://instagram.com/rayan_parfums	+213 5 56 90 12 34	https://t.me/parfumerierayan	rayan.parfum@live.dz	+213 5 56 90 12 34
Boutique El Hana	https://facebook.com/elhana.boutique	https://instagram.com/elhana_dz	+213 6 67 01 23 45	https://t.me/elhana	elhana@yahoo.dz	+213 6 67 01 23 45
Les Tissus de Didouche	https://facebook.com/tissus.didouche	https://instagram.com/tissus_didouche	+213 7 78 12 34 56	https://t.me/tissusdidouche	tissus.didouche@gmail.com	+213 7 78 12 34 56
Boutique Imane	https://facebook.com/imane.boutique.dz	https://instagram.com/imane_boutique	+213 5 57 23 45 67	https://t.me/imaneboutique	imane.boutique@hotmail.com	+213 5 57 23 45 67
Librairie El Maarifa	https://facebook.com/librairie.elmaarifa	https://instagram.com/elmaarifa_librairie	+213 6 68 34 56 78	https://t.me/elmaarifa	maarifa.livres@outlook.dz	+213 6 68 34 56 78
Accessoires Mode DZ	https://facebook.com/accessoires.mode.dz	https://instagram.com/accessoires_mode	+213 7 79 45 67 89	https://t.me/accessoiresmode	accessoires@live.fr	+213 7 79 45 67 89
Boutique Le Palais	https://facebook.com/palais.boutique.dz	https://instagram.com/palais_boutique	+213 5 58 56 78 90	https://t.me/palaisboutique	palais@yahoo.fr	+213 5 58 56 78 90
Prêt-à-Porter Inaya	https://facebook.com/inaya.pretaporter	https://instagram.com/inaya_dz	+213 6 69 67 89 01	https://t.me/inayadz	inaya@hotmail.com	+213 6 69 67 89 01
Boutique du Soleil	https://facebook.com/boutique.soleil.dz	https://instagram.com/boutique_soleil	+213 7 80 78 90 12	https://t.me/boutiquesoleil	soleil.boutique@outlook.dz	+213 7 80 78 90 12
Maroquinerie El Djazair	https://facebook.com/maroquinerie.djazair	https://instagram.com/maroquinerie_dz	+213 5 59 89 01 23	https://t.me/maroquineriedz	maroquinerie@live.dz	+213 5 59 89 01 23
Boutique Flower	https://facebook.com/flower.boutique.dz	https://instagram.com/flower_dz	+213 6 70 90 12 34	https://t.me/flowerboutique	flower@yahoo.dz	+213 6 70 90 12 34
Décoration Intérieure	https://facebook.com/deco.interieure.dz	https://instagram.com/deco_interieure	+213 7 81 01 23 45	https://t.me/decointerieure	deco.interieure@gmail.com	+213 7 81 01 23 45
Bijoux Berbères	https://facebook.com/bijoux.berberes	https://instagram.com/bijoux_berberes	+213 5 60 12 34 56	https://t.me/bijouxberberes	bijoux.berberes@hotmail.com	+213 5 60 12 34 56
Boutique Nour	https://facebook.com/nour.boutique.dz	https://instagram.com/nour_boutique	+213 6 71 23 45 67	https://t.me/nourboutique	nour@outlook.dz	+213 6 71 23 45 67
Épicerie Fine Saveurs	https://facebook.com/epicerie.fine.dz	https://instagram.com/epicerie_fine_dz	+213 7 82 34 56 78	https://t.me/epiceriefine	epicerie.fine@live.fr	+213 7 82 34 56 78
La Boutique du Cadeau	https://facebook.com/boutique.cadeau.dz	https://instagram.com/cadeau_dz	+213 5 61 45 67 89	https://t.me/boutiquecadeau	cadeau@yahoo.fr	+213 5 61 45 67 89
Boutique Féerique	https://facebook.com/feerique.boutique	https://instagram.com/feerique_dz	+213 6 72 56 78 90	https://t.me/feerique	feerique@hotmail.com	+213 6 72 56 78 90
Cordonnerie Moderne	https://facebook.com/cordonnerie.moderne	https://instagram.com/cordonnerie_moderne	+213 7 83 67 89 01	https://t.me/cordonneriemoderne	cordonnerie.moderne@gmail.com	+213 7 83 67 89 01
Boutique el Qods	https://facebook.com/elqods.boutique	https://instagram.com/elqods_dz	+213 5 62 78 90 12	https://t.me/elqods	elqods@outlook.dz	+213 5 62 78 90 12
Vêtements Enfants DZ	https://facebook.com/vetements.enfants.dz	https://instagram.com/vetements_enfants	+213 6 73 89 01 23	https://t.me/vetementsenfants	enfants.vetements@live.dz	+213 6 73 89 01 23
Boutique du Miel	https://facebook.com/boutique.dumiel	https://instagram.com/boutique_miel	+213 7 84 90 12 34	https://t.me/boutiquemiel	miel.boutique@yahoo.dz	+213 7 84 90 12 34
Tapis d’Art	https://facebook.com/tapis.dart.dz	https://instagram.com/tapis_art_dz	+213 5 63 01 23 45	https://t.me/tapisart	tapis.art@hotmail.com	+213 5 63 01 23 45
Boutique Malika	https://facebook.com/malika.boutique.dz	https://instagram.com/malika_boutique	+213 6 74 12 34 56	https://t.me/malikaboutique	malika@outlook.dz	+213 6 74 12 34 56
Prêt-à-Porter Chahinez	https://facebook.com/chahinez.mode	https://instagram.com/chahinez_dz	+213 7 85 23 45 67	https://t.me/chahinez	mode.chahinez@live.fr	+213 7 85 23 45 67
Boutique Tendances	https://facebook.com/tendances.boutique.dz	https://instagram.com/tendances_dz	+213 5 64 34 56 78	https://t.me/tendancesboutique	tendances@yahoo.fr	+213 5 64 34 56 78
Miel du Djurdjura	https://facebook.com/miel.djurdjura	https://instagram.com/miel_djurdjura	+213 6 75 45 67 89	https://t.me/mieldjurdjura	miel.djurdjura@hotmail.com	+213 6 75 45 67 89
Boutique du Thé	https://facebook.com/boutique.duthe	https://instagram.com/boutique_the	+213 7 86 56 78 90	https://t.me/boutiquethe	the.boutique@gmail.com	+213 7 86 56 78 90
Librairie du Savoir	https://facebook.com/librairie.savoir	https://instagram.com/librairie_savoir	+213 5 65 67 89 01	https://t.me/librairiesavoir	savoir.livres@outlook.dz	+213 5 65 67 89 01
Boutique de la Plage	https://facebook.com/boutique.plage.dz	https://instagram.com/boutique_plage	+213 6 76 78 90 12	https://t.me/boutiqueplage	plage.boutique@live.dz	+213 6 76 78 90 12
Cosmétiques Natures	https://facebook.com/cosmetiques.nature	https://instagram.com/cosmetiques_dz	+213 7 87 89 01 23	https://t.me/cosmetiquesdz	nature.cosmetiques@yahoo.dz	+213 7 87 89 01 23
Boutique El Falah	https://facebook.com/elfalah.boutique	https://instagram.com/elfalah_dz	+213 5 66 90 12 34	https://t.me/elfalah	falah@hotmail.com	+213 5 66 90 12 34
Pâtisserie Orientale	https://facebook.com/patisserie.orientale.dz	https://instagram.com/patisserie_orientale	+213 6 77 01 23 45	https://t.me/patisserieorientale	patisserie.orientale@outlook.dz	+213 6 77 01 23 45
Boutique El Mountada	https://facebook.com/elmountada.boutique	https://instagram.com/elmountada_dz	+213 7 88 12 34 56	https://t.me/elmountada	mountada@live.fr	+213 7 88 12 34 56
Jouets El Mahdi	https://facebook.com/jouets.elmahdi	https://instagram.com/jouets_mahdi	+213 5 67 23 45 67	https://t.me/jouetsmahdi	mahdi.jouets@yahoo.fr	+213 5 67 23 45 67
Boutique El Madina	https://facebook.com/elmadina.boutique.dz	https://instagram.com/elmadina_dz	+213 6 78 34 56 78	https://t.me/elmadinaboutique	madina.boutique@hotmail.com	+213 6 78 34 56 78
Mode Homme DZ	https://facebook.com/mode.homme.dz	https://instagram.com/mode_homme_dz	+213 7 89 45 67 89	https://t.me/modehommedz	mode.homme@outlook.dz	+213 7 89 45 67 89
Boutique Selsabil	https://facebook.com/selsabil.boutique	https://instagram.com/selsabil_dz	+213 5 68 56 78 90	https://t.me/selsabilboutique	selsabil@live.dz	+213 5 68 56 78 90
Fleuriste El Warda	https://facebook.com/fleuriste.elwarda	https://instagram.com/elwarda_fleurs	+213 6 79 67 89 01	https://t.me/elwardafleurs	warda.fleurs@yahoo.dz	+213 6 79 67 89 01
Boutique Zina	https://facebook.com/zina.boutique.dz	https://instagram.com/zina_boutique	+213 7 90 78 90 12	https://t.me/zinaboutique	zina@hotmail.com	+213 7 90 78 90 12
Épicerie du Terroir	https://facebook.com/epicerie.terroir	https://instagram.com/epicerie_terroir	+213 5 69 89 01 23	https://t.me/epicerieduterroir	terroir.epicerie@outlook.dz	+213 5 69 89 01 23
Boutique El Kawther	https://facebook.com/elkawther.boutique	https://instagram.com/elkawther_dz	+213 6 80 90 12 34	https://t.me/elkawther	kawther@live.fr	+213 6 80 90 12 34
Linge de Maison DZ	https://facebook.com/linge.maison.dz	https://instagram.com/linge_maison	+213 7 91 01 23 45	https://t.me/lingemaison	linge.maison@yahoo.fr	+213 7 91 01 23 45
Boutique Rahma	https://facebook.com/rahma.boutique.dz	https://instagram.com/rahma_dz	+213 5 70 12 34 56	https://t.me/rahmaboutique	rahma@hotmail.com	+213 5 70 12 34 56
La Malle aux Trésors	https://facebook.com/lamalleauxtresors	https://instagram.com/malle_aux_tresors	+213 6 81 23 45 67	https://t.me/malletresors	tresors.malle@outlook.dz	+213 6 81 23 45 67
Boutique El Afrah	https://facebook.com/elafrah.boutique	https://instagram.com/elafrah_dz	+213 7 92 34 56 78	https://t.me/elafrah	afrah@live.dz	+213 7 92 34 56 78
Accessoires Filles DZ	https://facebook.com/accessoires.filles.dz	https://instagram.com/accessoires_filles	+213 5 71 45 67 89	https://t.me/accessoiresfilles	filles.accessoires@yahoo.dz	+213 5 71 45 67 89
Boutique Dar Souk	https://facebook.com/darsouk.boutique	https://instagram.com/dar_souk_dz	+213 6 82 56 78 90	https://t.me/darsouk	souk.dar@hotmail.com	+213 6 82 56 78 90
Parfumerie El Khalil	https://facebook.com/parfumerie.elkhalil	https://instagram.com/elkhalil_parfums	+213 7 93 67 89 01	https://t.me/elkhalilparfum	khalil.parfum@outlook.dz	+213 7 93 67 89 01
Boutique du Tapis	https://facebook.com/boutique.tapis.dz	https://instagram.com/boutique_tapis	+213 5 72 78 90 12	https://t.me/boutiquetapis	tapis.boutique@live.fr	+213 5 72 78 90 12
Boutique Sana	https://facebook.com/sana.boutique.dz	https://instagram.com/sana_boutique	+213 6 83 89 01 23	https://t.me/sanaboutique	sana@yahoo.dz	+213 6 83 89 01 23
Frip’Art	https://facebook.com/fripart.boutique	https://instagram.com/fripart_dz	+213 7 94 90 12 34	https://t.me/fripart	fripart@hotmail.com	+213 7 94 90 12 34
Boutique Aromates	https://facebook.com/aromates.boutique	https://instagram.com/aromates_dz	+213 5 73 01 23 45	https://t.me/aromates	aromates@outlook.dz	+213 5 73 01 23 45
Produits de Beauté DZ	https://facebook.com/produits.beaute.dz	https://instagram.com/produits_beaute_dz	+213 6 84 12 34 56	https://t.me/produitsbeautedz	produits.beaute@gmail.com	+213 6 84 12 34 56
Boutique Jasmin	https://facebook.com/jasmin.boutique.dz	https://instagram.com/jasmin_boutique	+213 7 95 23 45 67	https://t.me/jasminboutique	jasmin@live.fr	+213 7 95 23 45 67
Boutique d’Or	https://facebook.com/boutiquedor.dz	https://instagram.com/boutique_dor_dz	+213 5 74 34 56 78	https://t.me/boutiquedor	boutiquedor@yahoo.fr	+213 5 74 34 56 78
Élégance DZ	https://facebook.com/elegancedz.boutique	https://instagram.com/elegance_dz	+213 6 85 45 67 89	https://t.me/elegancedz	elegancedz@outlook.com	+213 6 85 45 67 89
Bébé Câlin	https://facebook.com/bebecalin.dz	https://instagram.com/bebe_calin_dz	+213 7 96 56 78 90	https://t.me/bebecalin	bebecalin@gmail.com	+213 7 96 56 78 90
Les Douceurs de Blida	https://facebook.com/douceursblida	https://instagram.com/douceurs_de_blida	+213 5 75 67 89 01	https://t.me/douceursblida	douceurs.blida@hotmail.com	+213 5 75 67 89 01
Couture et Tradition	https://facebook.com/couturetradition.dz	https://instagram.com/couture_tradition	+213 6 86 78 90 12	https://t.me/couturetradition	couture.tradition@live.dz	+213 6 86 78 90 12
Fleur de Lys	https://facebook.com/fleurdelys.boutique	https://instagram.com/fleur_de_lys_dz	+213 7 97 89 01 23	https://t.me/fleurdelys	fleurdelys@yahoo.dz	+213 7 97 89 01 23
Chaussures Chic	https://facebook.com/chaussureschic.dz	https://instagram.com/chaussures_chic	+213 5 76 90 12 34	https://t.me/chaussureschic	chic.chaussures@outlook.dz	+213 5 76 90 12 34
Épices et Saveurs	https://facebook.com/epicessaveurs.dz	https://instagram.com/epices_saveurs	+213 6 87 01 23 45	https://t.me/epicessaveurs	epices.saveurs@gmail.com	+213 6 87 01 23 45
Parfums d’Orient	https://facebook.com/parfumsdorient.dz	https://instagram.com/parfums_orient	+213 7 98 12 34 56	https://t.me/parfumsorient	parfums.orient@live.fr	+213 7 98 12 34 56
Boutique Horizon	https://facebook.com/horizon.boutique.dz	https://instagram.com/horizon_boutique	+213 5 77 23 45 67	https://t.me/horizonboutique	horizon@yahoo.fr	+213 5 77 23 45 67
L’Atelier de Couture	https://facebook.com/ateliercouture.dz	https://instagram.com/atelier_couture_dz	+213 6 88 34 56 78	https://t.me/ateliercouture	atelier.couture@hotmail.com	+213 6 88 34 56 78
La Caverne d’Ali Baba	https://facebook.com/cavernealibaba.dz	https://instagram.com/caverne_alibaba	+213 7 99 45 67 89	https://t.me/cavernealibaba	alibaba@outlook.com	+213 7 99 45 67 89
Boutique Iris	https://facebook.com/iris.boutique.dz	https://instagram.com/iris_boutique	+213 5 78 56 78 90	https://t.me/irisboutique	iris@live.dz	+213 5 78 56 78 90
Bijouterie l’Étoile	https://facebook.com/bijouterie.letoile	https://instagram.com/bijouterie_letoile	+213 6 89 67 89 01	https://t.me/bijouterieletoile	letoile.bijoux@gmail.com	+213 6 89 67 89 01
Boutique Orchidélia	https://facebook.com/orchidelia.dz	https://instagram.com/orchidelia_boutique	+213 7 70 78 90 12	https://t.me/orchidelia	orchidelia@yahoo.dz	+213 7 70 78 90 12
Prêt-à-Porter Lina	https://facebook.com/pretaporterlina.dz	https://instagram.com/pret_a_porter_lina	+213 5 79 89 01 23	https://t.me/pretaporterlina	lina.pretaporter@outlook.dz	+213 5 79 89 01 23
Boutique Belle de Jour	https://facebook.com/belledejour.dz	https://instagram.com/belle_de_jour_dz	+213 6 90 90 12 34	https://t.me/belledejour	belledejour@hotmail.com	+213 6 90 90 12 34
Jouets et Rêves	https://facebook.com/jouetsreves.dz	https://instagram.com/jouets_reves	+213 7 71 01 23 45	https://t.me/jouetsreves	jouets.reves@live.fr	+213 7 71 01 23 45
Au Coin Fleuri	https://facebook.com/coinfleuri.dz	https://instagram.com/coin_fleuri_dz	+213 5 80 12 34 56	https://t.me/coinfleuri	coinfleuri@yahoo.fr	+213 5 80 12 34 56
Boutique Améthyste	https://facebook.com/amethyste.boutique	https://instagram.com/amethyste_dz	+213 6 91 23 45 67	https://t.me/amethystedz	amethyste@outlook.com	+213 6 91 23 45 67
Mode & Style Alger	https://facebook.com/modestylealger	https://instagram.com/mode_style_alger	+213 7 72 34 56 78	https://t.me/modestylealger	mode.style@gmail.com	+213 7 72 34 56 78
Boutique Turquoise	https://facebook.com/turquoise.boutique	https://instagram.com/turquoise_dz	+213 5 81 45 67 89	https://t.me/turquoiseboutique	turquoise@hotmail.com	+213 5 81 45 67 89
Le Bazar de Constantine	https://facebook.com/bazarconstantine	https://instagram.com/bazar_constantine	+213 6 92 56 78 90	https://t.me/bazarconstantine	bazar.constantine@live.dz	+213 6 92 56 78 90
Boutique Camélia	https://facebook.com/camelia.boutique.dz	https://instagram.com/camelia_boutique	+213 7 73 67 89 01	https://t.me/cameliaboutique	camelia@yahoo.dz	+213 7 73 67 89 01
L’Atelier du Sabot	https://facebook.com/ateliersabot.dz	https://instagram.com/atelier_sabot	+213 5 82 78 90 12	https://t.me/ateliersabot	sabot@outlook.dz	+213 5 82 78 90 12
Boutique Myosotis	https://facebook.com/myosotis.boutique	https://instagram.com/myosotis_dz	+213 6 93 89 01 23	https://t.me/myosotisdz	myosotis@gmail.com	+213 6 93 89 01 23
Aux Trésors d’Oran	https://facebook.com/tresorsoran.boutique	https://instagram.com/tresors_d_oran	+213 7 74 90 12 34	https://t.me/tresorsoran	tresors.oran@hotmail.com	+213 7 74 90 12 34
Boutique Lilas	https://facebook.com/lilas.boutique.dz	https://instagram.com/lilas_boutique_dz	+213 5 83 01 23 45	https://t.me/lilasboutique	lilas@live.fr	+213 5 83 01 23 45